"cell_id","scenario_id","scenario_order","scenario_label","short_label","purpose","in_main_text","n","h","is_null","reps","alpha","atom","seed","effect_text","pi0","pi1","expected_combined_delta","empirical_combined_delta","empirical_combined_delta_sd","completed_at"
1,"S1",1,"S1: Normal survivor shift, low atom","S1 Normal survivor shift","Baseline parametric reference where the survivor distribution is normal, the atom probability is unchanged, and both TruncComp2 methods should track each other closely.",FALSE,50,0,TRUE,10000,0.05,0,20260416,"$\\delta = 0.00$",0.85,0.85,0,0.00209377399239975,0.281519557620331,"2026-04-17 18:03:02 CEST"
2,"S1",1,"S1: Normal survivor shift, low atom","S1 Normal survivor shift","Baseline parametric reference where the survivor distribution is normal, the atom probability is unchanged, and both TruncComp2 methods should track each other closely.",FALSE,100,0,TRUE,10000,0.05,0,20260417,"$\\delta = 0.00$",0.85,0.85,0,0.00237042164114119,0.199825201174027,"2026-04-17 18:05:20 CEST"
3,"S1",1,"S1: Normal survivor shift, low atom","S1 Normal survivor shift","Baseline parametric reference where the survivor distribution is normal, the atom probability is unchanged, and both TruncComp2 methods should track each other closely.",FALSE,150,0,TRUE,10000,0.05,0,20260418,"$\\delta = 0.00$",0.85,0.85,0,-0.00310625107306395,0.163977443285496,"2026-04-17 18:10:31 CEST"
4,"S1",1,"S1: Normal survivor shift, low atom","S1 Normal survivor shift","Baseline parametric reference where the survivor distribution is normal, the atom probability is unchanged, and both TruncComp2 methods should track each other closely.",FALSE,200,0,TRUE,10000,0.05,0,20260419,"$\\delta = 0.00$",0.85,0.85,0,0.000490653697519968,0.141926956935886,"2026-04-17 18:14:03 CEST"
5,"S1",1,"S1: Normal survivor shift, low atom","S1 Normal survivor shift","Baseline parametric reference where the survivor distribution is normal, the atom probability is unchanged, and both TruncComp2 methods should track each other closely.",FALSE,250,0,TRUE,10000,0.05,0,20260420,"$\\delta = 0.00$",0.85,0.85,0,-0.000111439931333359,0.12716165481281,"2026-04-17 18:13:37 CEST"
6,"S1",1,"S1: Normal survivor shift, low atom","S1 Normal survivor shift","Baseline parametric reference where the survivor distribution is normal, the atom probability is unchanged, and both TruncComp2 methods should track each other closely.",FALSE,300,0,TRUE,10000,0.05,0,20260421,"$\\delta = 0.00$",0.85,0.85,0,7.88212076199178e-05,0.115616869966771,"2026-04-17 18:17:23 CEST"
7,"S1",1,"S1: Normal survivor shift, low atom","S1 Normal survivor shift","Baseline parametric reference where the survivor distribution is normal, the atom probability is unchanged, and both TruncComp2 methods should track each other closely.",FALSE,350,0,TRUE,10000,0.05,0,20260422,"$\\delta = 0.00$",0.85,0.85,0,0.000862602540467805,0.106541440862496,"2026-04-17 18:27:44 CEST"
8,"S1",1,"S1: Normal survivor shift, low atom","S1 Normal survivor shift","Baseline parametric reference where the survivor distribution is normal, the atom probability is unchanged, and both TruncComp2 methods should track each other closely.",FALSE,400,0,TRUE,10000,0.05,0,20260423,"$\\delta = 0.00$",0.85,0.85,0,-0.00174479780622196,0.100147685625088,"2026-04-17 18:19:47 CEST"
9,"S1",1,"S1: Normal survivor shift, low atom","S1 Normal survivor shift","Baseline parametric reference where the survivor distribution is normal, the atom probability is unchanged, and both TruncComp2 methods should track each other closely.",FALSE,450,0,TRUE,10000,0.05,0,20260424,"$\\delta = 0.00$",0.85,0.85,0,-0.000543697340047799,0.0951106388939663,"2026-04-17 18:25:06 CEST"
10,"S1",1,"S1: Normal survivor shift, low atom","S1 Normal survivor shift","Baseline parametric reference where the survivor distribution is normal, the atom probability is unchanged, and both TruncComp2 methods should track each other closely.",FALSE,500,0,TRUE,10000,0.05,0,20260425,"$\\delta = 0.00$",0.85,0.85,0,0.000785855006199039,0.0900895986169065,"2026-04-17 18:25:19 CEST"
11,"S1",1,"S1: Normal survivor shift, low atom","S1 Normal survivor shift","Baseline parametric reference where the survivor distribution is normal, the atom probability is unchanged, and both TruncComp2 methods should track each other closely.",FALSE,50,1,FALSE,10000,0.05,0,20260426,"$\\delta = 0.20$",0.85,0.85,0.17,0.164865063494382,0.28983561062531,"2026-04-17 18:08:00 CEST"
12,"S1",1,"S1: Normal survivor shift, low atom","S1 Normal survivor shift","Baseline parametric reference where the survivor distribution is normal, the atom probability is unchanged, and both TruncComp2 methods should track each other closely.",FALSE,100,1,FALSE,10000,0.05,0,20260427,"$\\delta = 0.20$",0.85,0.85,0.17,0.170814314073797,0.201127095775694,"2026-04-17 18:05:14 CEST"
13,"S1",1,"S1: Normal survivor shift, low atom","S1 Normal survivor shift","Baseline parametric reference where the survivor distribution is normal, the atom probability is unchanged, and both TruncComp2 methods should track each other closely.",FALSE,150,1,FALSE,10000,0.05,0,20260428,"$\\delta = 0.20$",0.85,0.85,0.17,0.170861039789218,0.164866362539534,"2026-04-17 18:08:51 CEST"
14,"S1",1,"S1: Normal survivor shift, low atom","S1 Normal survivor shift","Baseline parametric reference where the survivor distribution is normal, the atom probability is unchanged, and both TruncComp2 methods should track each other closely.",FALSE,200,1,FALSE,10000,0.05,0,20260429,"$\\delta = 0.20$",0.85,0.85,0.17,0.170229509314102,0.145232866766004,"2026-04-17 18:10:54 CEST"
15,"S1",1,"S1: Normal survivor shift, low atom","S1 Normal survivor shift","Baseline parametric reference where the survivor distribution is normal, the atom probability is unchanged, and both TruncComp2 methods should track each other closely.",FALSE,250,1,FALSE,10000,0.05,0,20260430,"$\\delta = 0.20$",0.85,0.85,0.17,0.169317547693054,0.128346816267413,"2026-04-17 18:13:52 CEST"
16,"S1",1,"S1: Normal survivor shift, low atom","S1 Normal survivor shift","Baseline parametric reference where the survivor distribution is normal, the atom probability is unchanged, and both TruncComp2 methods should track each other closely.",FALSE,300,1,FALSE,10000,0.05,0,20260431,"$\\delta = 0.20$",0.85,0.85,0.17,0.170173002891505,0.11795756664458,"2026-04-17 18:24:28 CEST"
17,"S1",1,"S1: Normal survivor shift, low atom","S1 Normal survivor shift","Baseline parametric reference where the survivor distribution is normal, the atom probability is unchanged, and both TruncComp2 methods should track each other closely.",FALSE,350,1,FALSE,10000,0.05,0,20260432,"$\\delta = 0.20$",0.85,0.85,0.17,0.170489237724083,0.109046522842721,"2026-04-17 18:23:10 CEST"
18,"S1",1,"S1: Normal survivor shift, low atom","S1 Normal survivor shift","Baseline parametric reference where the survivor distribution is normal, the atom probability is unchanged, and both TruncComp2 methods should track each other closely.",FALSE,400,1,FALSE,10000,0.05,0,20260433,"$\\delta = 0.20$",0.85,0.85,0.17,0.170222749442503,0.100827534969429,"2026-04-17 18:21:36 CEST"
19,"S1",1,"S1: Normal survivor shift, low atom","S1 Normal survivor shift","Baseline parametric reference where the survivor distribution is normal, the atom probability is unchanged, and both TruncComp2 methods should track each other closely.",FALSE,450,1,FALSE,10000,0.05,0,20260434,"$\\delta = 0.20$",0.85,0.85,0.17,0.168987431532347,0.0967170219640782,"2026-04-17 18:48:41 CEST"
20,"S1",1,"S1: Normal survivor shift, low atom","S1 Normal survivor shift","Baseline parametric reference where the survivor distribution is normal, the atom probability is unchanged, and both TruncComp2 methods should track each other closely.",FALSE,500,1,FALSE,10000,0.05,0,20260435,"$\\delta = 0.20$",0.85,0.85,0.17,0.170508670114465,0.0906138384191613,"2026-04-17 18:32:08 CEST"
21,"S1",1,"S1: Normal survivor shift, low atom","S1 Normal survivor shift","Baseline parametric reference where the survivor distribution is normal, the atom probability is unchanged, and both TruncComp2 methods should track each other closely.",FALSE,50,2,FALSE,10000,0.05,0,20260436,"$\\delta = 0.35$",0.85,0.85,0.2975,0.298486755206369,0.289416393744823,"2026-04-17 18:08:13 CEST"
22,"S1",1,"S1: Normal survivor shift, low atom","S1 Normal survivor shift","Baseline parametric reference where the survivor distribution is normal, the atom probability is unchanged, and both TruncComp2 methods should track each other closely.",FALSE,100,2,FALSE,10000,0.05,0,20260437,"$\\delta = 0.35$",0.85,0.85,0.2975,0.299190460227372,0.208755630840269,"2026-04-17 18:06:27 CEST"
23,"S1",1,"S1: Normal survivor shift, low atom","S1 Normal survivor shift","Baseline parametric reference where the survivor distribution is normal, the atom probability is unchanged, and both TruncComp2 methods should track each other closely.",FALSE,150,2,FALSE,10000,0.05,0,20260438,"$\\delta = 0.35$",0.85,0.85,0.2975,0.299079640124003,0.168570564557002,"2026-04-17 18:08:28 CEST"
24,"S1",1,"S1: Normal survivor shift, low atom","S1 Normal survivor shift","Baseline parametric reference where the survivor distribution is normal, the atom probability is unchanged, and both TruncComp2 methods should track each other closely.",FALSE,200,2,FALSE,10000,0.05,0,20260439,"$\\delta = 0.35$",0.85,0.85,0.2975,0.298572459145236,0.146182165838732,"2026-04-17 17:58:58 CEST"
25,"S1",1,"S1: Normal survivor shift, low atom","S1 Normal survivor shift","Baseline parametric reference where the survivor distribution is normal, the atom probability is unchanged, and both TruncComp2 methods should track each other closely.",FALSE,250,2,FALSE,10000,0.05,0,20260440,"$\\delta = 0.35$",0.85,0.85,0.2975,0.294679496783226,0.132105274652696,"2026-04-17 18:01:14 CEST"
26,"S1",1,"S1: Normal survivor shift, low atom","S1 Normal survivor shift","Baseline parametric reference where the survivor distribution is normal, the atom probability is unchanged, and both TruncComp2 methods should track each other closely.",FALSE,300,2,FALSE,10000,0.05,0,20260441,"$\\delta = 0.35$",0.85,0.85,0.2975,0.29730706476491,0.120127610430942,"2026-04-17 18:02:52 CEST"
27,"S1",1,"S1: Normal survivor shift, low atom","S1 Normal survivor shift","Baseline parametric reference where the survivor distribution is normal, the atom probability is unchanged, and both TruncComp2 methods should track each other closely.",FALSE,350,2,FALSE,10000,0.05,0,20260442,"$\\delta = 0.35$",0.85,0.85,0.2975,0.29784955462682,0.110296547901907,"2026-04-17 18:04:29 CEST"
28,"S1",1,"S1: Normal survivor shift, low atom","S1 Normal survivor shift","Baseline parametric reference where the survivor distribution is normal, the atom probability is unchanged, and both TruncComp2 methods should track each other closely.",FALSE,400,2,FALSE,10000,0.05,0,20260443,"$\\delta = 0.35$",0.85,0.85,0.2975,0.296477326451381,0.103917210134924,"2026-04-17 18:05:49 CEST"
29,"S1",1,"S1: Normal survivor shift, low atom","S1 Normal survivor shift","Baseline parametric reference where the survivor distribution is normal, the atom probability is unchanged, and both TruncComp2 methods should track each other closely.",FALSE,450,2,FALSE,10000,0.05,0,20260444,"$\\delta = 0.35$",0.85,0.85,0.2975,0.29842876103921,0.0975666434792772,"2026-04-17 18:07:40 CEST"
30,"S1",1,"S1: Normal survivor shift, low atom","S1 Normal survivor shift","Baseline parametric reference where the survivor distribution is normal, the atom probability is unchanged, and both TruncComp2 methods should track each other closely.",FALSE,500,2,FALSE,10000,0.05,0,20260445,"$\\delta = 0.35$",0.85,0.85,0.2975,0.295828179513619,0.0920796915679647,"2026-04-17 18:09:46 CEST"
31,"S1",1,"S1: Normal survivor shift, low atom","S1 Normal survivor shift","Baseline parametric reference where the survivor distribution is normal, the atom probability is unchanged, and both TruncComp2 methods should track each other closely.",FALSE,50,3,FALSE,10000,0.05,0,20260446,"$\\delta = 0.50$",0.85,0.85,0.425,0.434245367838581,0.299992373767664,"2026-04-17 17:52:46 CEST"
32,"S1",1,"S1: Normal survivor shift, low atom","S1 Normal survivor shift","Baseline parametric reference where the survivor distribution is normal, the atom probability is unchanged, and both TruncComp2 methods should track each other closely.",FALSE,100,3,FALSE,10000,0.05,0,20260447,"$\\delta = 0.50$",0.85,0.85,0.425,0.423579261974089,0.21079291280025,"2026-04-17 17:54:55 CEST"
33,"S1",1,"S1: Normal survivor shift, low atom","S1 Normal survivor shift","Baseline parametric reference where the survivor distribution is normal, the atom probability is unchanged, and both TruncComp2 methods should track each other closely.",FALSE,150,3,FALSE,10000,0.05,0,20260448,"$\\delta = 0.50$",0.85,0.85,0.425,0.425035651663685,0.170736987902458,"2026-04-17 17:57:41 CEST"
34,"S1",1,"S1: Normal survivor shift, low atom","S1 Normal survivor shift","Baseline parametric reference where the survivor distribution is normal, the atom probability is unchanged, and both TruncComp2 methods should track each other closely.",FALSE,200,3,FALSE,10000,0.05,0,20260449,"$\\delta = 0.50$",0.85,0.85,0.425,0.424288951187513,0.14927793310332,"2026-04-17 17:59:21 CEST"
35,"S1",1,"S1: Normal survivor shift, low atom","S1 Normal survivor shift","Baseline parametric reference where the survivor distribution is normal, the atom probability is unchanged, and both TruncComp2 methods should track each other closely.",FALSE,250,3,FALSE,10000,0.05,0,20260450,"$\\delta = 0.50$",0.85,0.85,0.425,0.42699657571243,0.133271844504528,"2026-04-17 18:01:07 CEST"
36,"S1",1,"S1: Normal survivor shift, low atom","S1 Normal survivor shift","Baseline parametric reference where the survivor distribution is normal, the atom probability is unchanged, and both TruncComp2 methods should track each other closely.",FALSE,300,3,FALSE,10000,0.05,0,20260451,"$\\delta = 0.50$",0.85,0.85,0.425,0.422795698529831,0.121454851514005,"2026-04-17 18:02:03 CEST"
37,"S1",1,"S1: Normal survivor shift, low atom","S1 Normal survivor shift","Baseline parametric reference where the survivor distribution is normal, the atom probability is unchanged, and both TruncComp2 methods should track each other closely.",FALSE,350,3,FALSE,10000,0.05,0,20260452,"$\\delta = 0.50$",0.85,0.85,0.425,0.425615941042198,0.111942664399409,"2026-04-17 18:03:55 CEST"
38,"S1",1,"S1: Normal survivor shift, low atom","S1 Normal survivor shift","Baseline parametric reference where the survivor distribution is normal, the atom probability is unchanged, and both TruncComp2 methods should track each other closely.",FALSE,400,3,FALSE,10000,0.05,0,20260453,"$\\delta = 0.50$",0.85,0.85,0.425,0.424636316372896,0.105473175063758,"2026-04-17 18:05:46 CEST"
39,"S1",1,"S1: Normal survivor shift, low atom","S1 Normal survivor shift","Baseline parametric reference where the survivor distribution is normal, the atom probability is unchanged, and both TruncComp2 methods should track each other closely.",FALSE,450,3,FALSE,10000,0.05,0,20260454,"$\\delta = 0.50$",0.85,0.85,0.425,0.424128006452141,0.0993960161657793,"2026-04-17 18:07:30 CEST"
40,"S1",1,"S1: Normal survivor shift, low atom","S1 Normal survivor shift","Baseline parametric reference where the survivor distribution is normal, the atom probability is unchanged, and both TruncComp2 methods should track each other closely.",FALSE,500,3,FALSE,10000,0.05,0,20260455,"$\\delta = 0.50$",0.85,0.85,0.425,0.426247241763093,0.093208580562851,"2026-04-17 18:09:46 CEST"
41,"S2",2,"S2: Survival-only effect","S2 Survival-only effect","Two-degree-of-freedom penalty case where treatment acts only through the binary observation component.",TRUE,50,0,TRUE,10000,0.05,0,20260456,"$\\pi_1 = 0.45$",0.45,0.45,0,0.000498720020310785,0.328011820008376,"2026-04-17 17:52:10 CEST"
42,"S2",2,"S2: Survival-only effect","S2 Survival-only effect","Two-degree-of-freedom penalty case where treatment acts only through the binary observation component.",TRUE,100,0,TRUE,10000,0.05,0,20260457,"$\\pi_1 = 0.45$",0.45,0.45,0,0.00296992234255886,0.232942858878575,"2026-04-17 17:53:29 CEST"
43,"S2",2,"S2: Survival-only effect","S2 Survival-only effect","Two-degree-of-freedom penalty case where treatment acts only through the binary observation component.",TRUE,150,0,TRUE,10000,0.05,0,20260458,"$\\pi_1 = 0.45$",0.45,0.45,0,-0.00209605080990729,0.189434729004614,"2026-04-17 17:54:41 CEST"
44,"S2",2,"S2: Survival-only effect","S2 Survival-only effect","Two-degree-of-freedom penalty case where treatment acts only through the binary observation component.",TRUE,200,0,TRUE,10000,0.05,0,20260459,"$\\pi_1 = 0.45$",0.45,0.45,0,-0.00248966976406352,0.162377775268517,"2026-04-17 17:55:51 CEST"
45,"S2",2,"S2: Survival-only effect","S2 Survival-only effect","Two-degree-of-freedom penalty case where treatment acts only through the binary observation component.",TRUE,250,0,TRUE,10000,0.05,0,20260460,"$\\pi_1 = 0.45$",0.45,0.45,0,0.000159379255854881,0.147172218766305,"2026-04-17 17:57:07 CEST"
46,"S2",2,"S2: Survival-only effect","S2 Survival-only effect","Two-degree-of-freedom penalty case where treatment acts only through the binary observation component.",TRUE,300,0,TRUE,10000,0.05,0,20260461,"$\\pi_1 = 0.45$",0.45,0.45,0,-0.000693186377671829,0.13453657172566,"2026-04-17 17:58:18 CEST"
47,"S2",2,"S2: Survival-only effect","S2 Survival-only effect","Two-degree-of-freedom penalty case where treatment acts only through the binary observation component.",TRUE,350,0,TRUE,10000,0.05,0,20260462,"$\\pi_1 = 0.45$",0.45,0.45,0,7.62991676431813e-05,0.123274447662474,"2026-04-17 17:59:15 CEST"
48,"S2",2,"S2: Survival-only effect","S2 Survival-only effect","Two-degree-of-freedom penalty case where treatment acts only through the binary observation component.",TRUE,400,0,TRUE,10000,0.05,0,20260463,"$\\pi_1 = 0.45$",0.45,0.45,0,0.000641799669518657,0.115462778122096,"2026-04-17 18:00:23 CEST"
49,"S2",2,"S2: Survival-only effect","S2 Survival-only effect","Two-degree-of-freedom penalty case where treatment acts only through the binary observation component.",TRUE,450,0,TRUE,10000,0.05,0,20260464,"$\\pi_1 = 0.45$",0.45,0.45,0,0.000513180983559271,0.108927002752306,"2026-04-17 18:01:40 CEST"
50,"S2",2,"S2: Survival-only effect","S2 Survival-only effect","Two-degree-of-freedom penalty case where treatment acts only through the binary observation component.",TRUE,500,0,TRUE,10000,0.05,0,20260465,"$\\pi_1 = 0.45$",0.45,0.45,0,-0.0012808591469662,0.102265664320438,"2026-04-17 18:02:47 CEST"
51,"S2",2,"S2: Survival-only effect","S2 Survival-only effect","Two-degree-of-freedom penalty case where treatment acts only through the binary observation component.",TRUE,50,1,FALSE,10000,0.05,0,20260466,"$\\pi_1 = 0.50$",0.45,0.5,0.15,0.150715413607388,0.327920527060818,"2026-04-17 17:52:04 CEST"
52,"S2",2,"S2: Survival-only effect","S2 Survival-only effect","Two-degree-of-freedom penalty case where treatment acts only through the binary observation component.",TRUE,100,1,FALSE,10000,0.05,0,20260467,"$\\pi_1 = 0.50$",0.45,0.5,0.15,0.147720246769165,0.231582961298478,"2026-04-17 17:53:18 CEST"
53,"S2",2,"S2: Survival-only effect","S2 Survival-only effect","Two-degree-of-freedom penalty case where treatment acts only through the binary observation component.",TRUE,150,1,FALSE,10000,0.05,0,20260468,"$\\pi_1 = 0.50$",0.45,0.5,0.15,0.149363581987163,0.189695891674884,"2026-04-17 17:54:48 CEST"
54,"S2",2,"S2: Survival-only effect","S2 Survival-only effect","Two-degree-of-freedom penalty case where treatment acts only through the binary observation component.",TRUE,200,1,FALSE,10000,0.05,0,20260469,"$\\pi_1 = 0.50$",0.45,0.5,0.15,0.152251611809377,0.164263633528042,"2026-04-17 17:55:52 CEST"
55,"S2",2,"S2: Survival-only effect","S2 Survival-only effect","Two-degree-of-freedom penalty case where treatment acts only through the binary observation component.",TRUE,250,1,FALSE,10000,0.05,0,20260470,"$\\pi_1 = 0.50$",0.45,0.5,0.15,0.150966899398144,0.150109734461335,"2026-04-17 17:57:14 CEST"
56,"S2",2,"S2: Survival-only effect","S2 Survival-only effect","Two-degree-of-freedom penalty case where treatment acts only through the binary observation component.",TRUE,300,1,FALSE,10000,0.05,0,20260471,"$\\pi_1 = 0.50$",0.45,0.5,0.15,0.148189328242198,0.135189533523278,"2026-04-17 17:58:29 CEST"
57,"S2",2,"S2: Survival-only effect","S2 Survival-only effect","Two-degree-of-freedom penalty case where treatment acts only through the binary observation component.",TRUE,350,1,FALSE,10000,0.05,0,20260472,"$\\pi_1 = 0.50$",0.45,0.5,0.15,0.151205968189449,0.124452535868747,"2026-04-17 17:59:52 CEST"
58,"S2",2,"S2: Survival-only effect","S2 Survival-only effect","Two-degree-of-freedom penalty case where treatment acts only through the binary observation component.",TRUE,400,1,FALSE,10000,0.05,0,20260473,"$\\pi_1 = 0.50$",0.45,0.5,0.15,0.148547564112108,0.117162809661108,"2026-04-17 18:01:13 CEST"
59,"S2",2,"S2: Survival-only effect","S2 Survival-only effect","Two-degree-of-freedom penalty case where treatment acts only through the binary observation component.",TRUE,450,1,FALSE,10000,0.05,0,20260474,"$\\pi_1 = 0.50$",0.45,0.5,0.15,0.149992174203175,0.110446473834293,"2026-04-17 18:02:02 CEST"
60,"S2",2,"S2: Survival-only effect","S2 Survival-only effect","Two-degree-of-freedom penalty case where treatment acts only through the binary observation component.",TRUE,500,1,FALSE,10000,0.05,0,20260475,"$\\pi_1 = 0.50$",0.45,0.5,0.15,0.148427093835356,0.104552690328726,"2026-04-17 18:02:47 CEST"
61,"S2",2,"S2: Survival-only effect","S2 Survival-only effect","Two-degree-of-freedom penalty case where treatment acts only through the binary observation component.",TRUE,50,2,FALSE,10000,0.05,0,20260476,"$\\pi_1 = 0.55$",0.45,0.55,0.3,0.294110533586267,0.331383371963167,"2026-04-17 17:52:02 CEST"
62,"S2",2,"S2: Survival-only effect","S2 Survival-only effect","Two-degree-of-freedom penalty case where treatment acts only through the binary observation component.",TRUE,100,2,FALSE,10000,0.05,0,20260477,"$\\pi_1 = 0.55$",0.45,0.55,0.3,0.299467191134619,0.23089992760616,"2026-04-17 17:54:06 CEST"
63,"S2",2,"S2: Survival-only effect","S2 Survival-only effect","Two-degree-of-freedom penalty case where treatment acts only through the binary observation component.",TRUE,150,2,FALSE,10000,0.05,0,20260478,"$\\pi_1 = 0.55$",0.45,0.55,0.3,0.298644005523085,0.18923957293048,"2026-04-17 17:54:55 CEST"
64,"S2",2,"S2: Survival-only effect","S2 Survival-only effect","Two-degree-of-freedom penalty case where treatment acts only through the binary observation component.",TRUE,200,2,FALSE,10000,0.05,0,20260479,"$\\pi_1 = 0.55$",0.45,0.55,0.3,0.297657474017741,0.166037627140585,"2026-04-17 17:57:00 CEST"
65,"S2",2,"S2: Survival-only effect","S2 Survival-only effect","Two-degree-of-freedom penalty case where treatment acts only through the binary observation component.",TRUE,250,2,FALSE,10000,0.05,0,20260480,"$\\pi_1 = 0.55$",0.45,0.55,0.3,0.300326064322083,0.147842218635481,"2026-04-17 17:58:20 CEST"
66,"S2",2,"S2: Survival-only effect","S2 Survival-only effect","Two-degree-of-freedom penalty case where treatment acts only through the binary observation component.",TRUE,300,2,FALSE,10000,0.05,0,20260481,"$\\pi_1 = 0.55$",0.45,0.55,0.3,0.299867284823774,0.13422821706199,"2026-04-17 17:58:46 CEST"
67,"S2",2,"S2: Survival-only effect","S2 Survival-only effect","Two-degree-of-freedom penalty case where treatment acts only through the binary observation component.",TRUE,350,2,FALSE,10000,0.05,0,20260482,"$\\pi_1 = 0.55$",0.45,0.55,0.3,0.299939952429638,0.124205417039125,"2026-04-17 18:00:22 CEST"
68,"S2",2,"S2: Survival-only effect","S2 Survival-only effect","Two-degree-of-freedom penalty case where treatment acts only through the binary observation component.",TRUE,400,2,FALSE,10000,0.05,0,20260483,"$\\pi_1 = 0.55$",0.45,0.55,0.3,0.301370504306045,0.116883069287357,"2026-04-17 18:01:24 CEST"
69,"S2",2,"S2: Survival-only effect","S2 Survival-only effect","Two-degree-of-freedom penalty case where treatment acts only through the binary observation component.",TRUE,450,2,FALSE,10000,0.05,0,20260484,"$\\pi_1 = 0.55$",0.45,0.55,0.3,0.300521469745014,0.109552172914587,"2026-04-17 18:03:04 CEST"
70,"S2",2,"S2: Survival-only effect","S2 Survival-only effect","Two-degree-of-freedom penalty case where treatment acts only through the binary observation component.",TRUE,500,2,FALSE,10000,0.05,0,20260485,"$\\pi_1 = 0.55$",0.45,0.55,0.3,0.298835376594588,0.103438997725246,"2026-04-17 18:03:26 CEST"
71,"S2",2,"S2: Survival-only effect","S2 Survival-only effect","Two-degree-of-freedom penalty case where treatment acts only through the binary observation component.",TRUE,50,3,FALSE,10000,0.05,0,20260486,"$\\pi_1 = 0.60$",0.45,0.6,0.45,0.450741794560439,0.330301266739152,"2026-04-17 17:52:07 CEST"
72,"S2",2,"S2: Survival-only effect","S2 Survival-only effect","Two-degree-of-freedom penalty case where treatment acts only through the binary observation component.",TRUE,100,3,FALSE,10000,0.05,0,20260487,"$\\pi_1 = 0.60$",0.45,0.6,0.45,0.451523460826183,0.235627918709135,"2026-04-17 17:53:47 CEST"
73,"S2",2,"S2: Survival-only effect","S2 Survival-only effect","Two-degree-of-freedom penalty case where treatment acts only through the binary observation component.",TRUE,150,3,FALSE,10000,0.05,0,20260488,"$\\pi_1 = 0.60$",0.45,0.6,0.45,0.447995870600137,0.190844716208796,"2026-04-17 17:54:54 CEST"
74,"S2",2,"S2: Survival-only effect","S2 Survival-only effect","Two-degree-of-freedom penalty case where treatment acts only through the binary observation component.",TRUE,200,3,FALSE,10000,0.05,0,20260489,"$\\pi_1 = 0.60$",0.45,0.6,0.45,0.452244433846506,0.163707532139215,"2026-04-17 17:56:43 CEST"
75,"S2",2,"S2: Survival-only effect","S2 Survival-only effect","Two-degree-of-freedom penalty case where treatment acts only through the binary observation component.",TRUE,250,3,FALSE,10000,0.05,0,20260490,"$\\pi_1 = 0.60$",0.45,0.6,0.45,0.450694512648336,0.146880136147133,"2026-04-17 17:58:26 CEST"
76,"S2",2,"S2: Survival-only effect","S2 Survival-only effect","Two-degree-of-freedom penalty case where treatment acts only through the binary observation component.",TRUE,300,3,FALSE,10000,0.05,0,20260491,"$\\pi_1 = 0.60$",0.45,0.6,0.45,0.449924723619129,0.134084503655493,"2026-04-17 17:59:18 CEST"
77,"S2",2,"S2: Survival-only effect","S2 Survival-only effect","Two-degree-of-freedom penalty case where treatment acts only through the binary observation component.",TRUE,350,3,FALSE,10000,0.05,0,20260492,"$\\pi_1 = 0.60$",0.45,0.6,0.45,0.45018928824459,0.124596729216953,"2026-04-17 18:00:34 CEST"
78,"S2",2,"S2: Survival-only effect","S2 Survival-only effect","Two-degree-of-freedom penalty case where treatment acts only through the binary observation component.",TRUE,400,3,FALSE,10000,0.05,0,20260493,"$\\pi_1 = 0.60$",0.45,0.6,0.45,0.449680664663714,0.116988092943762,"2026-04-17 18:01:57 CEST"
79,"S2",2,"S2: Survival-only effect","S2 Survival-only effect","Two-degree-of-freedom penalty case where treatment acts only through the binary observation component.",TRUE,450,3,FALSE,10000,0.05,0,20260494,"$\\pi_1 = 0.60$",0.45,0.6,0.45,0.451082496072125,0.109164826077459,"2026-04-17 18:02:59 CEST"
80,"S2",2,"S2: Survival-only effect","S2 Survival-only effect","Two-degree-of-freedom penalty case where treatment acts only through the binary observation component.",TRUE,500,3,FALSE,10000,0.05,0,20260495,"$\\pi_1 = 0.60$",0.45,0.6,0.45,0.449897895321417,0.10398860289249,"2026-04-17 18:04:19 CEST"
81,"S3",3,"S3: Antagonistic cancellation","S3 Antagonistic cancellation","Signature case where survival and survivor means move in opposite directions while the combined-outcome mean stays constant.",TRUE,50,0,TRUE,10000,0.05,0,20260496,"$\\pi_1 = 0.50$, $E[Y \\mid A = 1, R = 1] = 3.000$",0.5,0.5,0,0.00323962559209762,0.331962793687448,"2026-04-17 18:20:41 CEST"
82,"S3",3,"S3: Antagonistic cancellation","S3 Antagonistic cancellation","Signature case where survival and survivor means move in opposite directions while the combined-outcome mean stays constant.",TRUE,100,0,TRUE,10000,0.05,0,20260497,"$\\pi_1 = 0.50$, $E[Y \\mid A = 1, R = 1] = 3.000$",0.5,0.5,0,0.00273751708443395,0.233456411713266,"2026-04-17 18:21:59 CEST"
83,"S3",3,"S3: Antagonistic cancellation","S3 Antagonistic cancellation","Signature case where survival and survivor means move in opposite directions while the combined-outcome mean stays constant.",TRUE,150,0,TRUE,10000,0.05,0,20260498,"$\\pi_1 = 0.50$, $E[Y \\mid A = 1, R = 1] = 3.000$",0.5,0.5,0,0.000214627043141522,0.191321750363056,"2026-04-17 18:23:23 CEST"
84,"S3",3,"S3: Antagonistic cancellation","S3 Antagonistic cancellation","Signature case where survival and survivor means move in opposite directions while the combined-outcome mean stays constant.",TRUE,200,0,TRUE,10000,0.05,0,20260499,"$\\pi_1 = 0.50$, $E[Y \\mid A = 1, R = 1] = 3.000$",0.5,0.5,0,0.0019464855512602,0.166807112897345,"2026-04-17 18:25:00 CEST"
85,"S3",3,"S3: Antagonistic cancellation","S3 Antagonistic cancellation","Signature case where survival and survivor means move in opposite directions while the combined-outcome mean stays constant.",TRUE,250,0,TRUE,10000,0.05,0,20260500,"$\\pi_1 = 0.50$, $E[Y \\mid A = 1, R = 1] = 3.000$",0.5,0.5,0,0.000907159851687463,0.147033315409067,"2026-04-17 18:27:14 CEST"
86,"S3",3,"S3: Antagonistic cancellation","S3 Antagonistic cancellation","Signature case where survival and survivor means move in opposite directions while the combined-outcome mean stays constant.",TRUE,300,0,TRUE,10000,0.05,0,20260501,"$\\pi_1 = 0.50$, $E[Y \\mid A = 1, R = 1] = 3.000$",0.5,0.5,0,0.00130639647782482,0.136616133667599,"2026-04-17 18:28:31 CEST"
87,"S3",3,"S3: Antagonistic cancellation","S3 Antagonistic cancellation","Signature case where survival and survivor means move in opposite directions while the combined-outcome mean stays constant.",TRUE,350,0,TRUE,10000,0.05,0,20260502,"$\\pi_1 = 0.50$, $E[Y \\mid A = 1, R = 1] = 3.000$",0.5,0.5,0,0.000351832654163609,0.124260501816384,"2026-04-17 18:29:46 CEST"
88,"S3",3,"S3: Antagonistic cancellation","S3 Antagonistic cancellation","Signature case where survival and survivor means move in opposite directions while the combined-outcome mean stays constant.",TRUE,400,0,TRUE,10000,0.05,0,20260503,"$\\pi_1 = 0.50$, $E[Y \\mid A = 1, R = 1] = 3.000$",0.5,0.5,0,0.00103378117761627,0.117230662757394,"2026-04-17 18:31:30 CEST"
89,"S3",3,"S3: Antagonistic cancellation","S3 Antagonistic cancellation","Signature case where survival and survivor means move in opposite directions while the combined-outcome mean stays constant.",TRUE,450,0,TRUE,10000,0.05,0,20260504,"$\\pi_1 = 0.50$, $E[Y \\mid A = 1, R = 1] = 3.000$",0.5,0.5,0,0.00100775645441768,0.110558901896563,"2026-04-17 18:32:57 CEST"
90,"S3",3,"S3: Antagonistic cancellation","S3 Antagonistic cancellation","Signature case where survival and survivor means move in opposite directions while the combined-outcome mean stays constant.",TRUE,500,0,TRUE,10000,0.05,0,20260505,"$\\pi_1 = 0.50$, $E[Y \\mid A = 1, R = 1] = 3.000$",0.5,0.5,0,0.00194050374488037,0.105736745859938,"2026-04-17 18:34:40 CEST"
91,"S3",3,"S3: Antagonistic cancellation","S3 Antagonistic cancellation","Signature case where survival and survivor means move in opposite directions while the combined-outcome mean stays constant.",TRUE,50,1,FALSE,10000,0.05,0,20260506,"$\\pi_1 = 0.55$, $E[Y \\mid A = 1, R = 1] = 2.727$",0.5,0.55,0,-0.000131147856568265,0.319285386093593,"2026-04-17 18:23:23 CEST"
92,"S3",3,"S3: Antagonistic cancellation","S3 Antagonistic cancellation","Signature case where survival and survivor means move in opposite directions while the combined-outcome mean stays constant.",TRUE,100,1,FALSE,10000,0.05,0,20260507,"$\\pi_1 = 0.55$, $E[Y \\mid A = 1, R = 1] = 2.727$",0.5,0.55,0,-0.00178071543874255,0.226674943240605,"2026-04-17 18:25:12 CEST"
93,"S3",3,"S3: Antagonistic cancellation","S3 Antagonistic cancellation","Signature case where survival and survivor means move in opposite directions while the combined-outcome mean stays constant.",TRUE,150,1,FALSE,10000,0.05,0,20260508,"$\\pi_1 = 0.55$, $E[Y \\mid A = 1, R = 1] = 2.727$",0.5,0.55,0,0.00242083221913905,0.184718792850534,"2026-04-17 18:26:45 CEST"
94,"S3",3,"S3: Antagonistic cancellation","S3 Antagonistic cancellation","Signature case where survival and survivor means move in opposite directions while the combined-outcome mean stays constant.",TRUE,200,1,FALSE,10000,0.05,0,20260509,"$\\pi_1 = 0.55$, $E[Y \\mid A = 1, R = 1] = 2.727$",0.5,0.55,0,-0.00208274733190933,0.161392048188207,"2026-04-17 18:27:46 CEST"
95,"S3",3,"S3: Antagonistic cancellation","S3 Antagonistic cancellation","Signature case where survival and survivor means move in opposite directions while the combined-outcome mean stays constant.",TRUE,250,1,FALSE,10000,0.05,0,20260510,"$\\pi_1 = 0.55$, $E[Y \\mid A = 1, R = 1] = 2.727$",0.5,0.55,0,-0.000754094031774522,0.143604691962427,"2026-04-17 18:30:02 CEST"
96,"S3",3,"S3: Antagonistic cancellation","S3 Antagonistic cancellation","Signature case where survival and survivor means move in opposite directions while the combined-outcome mean stays constant.",TRUE,300,1,FALSE,10000,0.05,0,20260511,"$\\pi_1 = 0.55$, $E[Y \\mid A = 1, R = 1] = 2.727$",0.5,0.55,0,-0.000719521746717565,0.128870153359078,"2026-04-17 18:31:18 CEST"
97,"S3",3,"S3: Antagonistic cancellation","S3 Antagonistic cancellation","Signature case where survival and survivor means move in opposite directions while the combined-outcome mean stays constant.",TRUE,350,1,FALSE,10000,0.05,0,20260512,"$\\pi_1 = 0.55$, $E[Y \\mid A = 1, R = 1] = 2.727$",0.5,0.55,0,1.44643378228571e-05,0.12120241982272,"2026-04-17 18:33:31 CEST"
98,"S3",3,"S3: Antagonistic cancellation","S3 Antagonistic cancellation","Signature case where survival and survivor means move in opposite directions while the combined-outcome mean stays constant.",TRUE,400,1,FALSE,10000,0.05,0,20260513,"$\\pi_1 = 0.55$, $E[Y \\mid A = 1, R = 1] = 2.727$",0.5,0.55,0,0.00163050699290245,0.113983306931432,"2026-04-17 18:35:23 CEST"
99,"S3",3,"S3: Antagonistic cancellation","S3 Antagonistic cancellation","Signature case where survival and survivor means move in opposite directions while the combined-outcome mean stays constant.",TRUE,450,1,FALSE,10000,0.05,0,20260514,"$\\pi_1 = 0.55$, $E[Y \\mid A = 1, R = 1] = 2.727$",0.5,0.55,0,-0.00150409622829691,0.105809607013276,"2026-04-17 18:36:11 CEST"
100,"S3",3,"S3: Antagonistic cancellation","S3 Antagonistic cancellation","Signature case where survival and survivor means move in opposite directions while the combined-outcome mean stays constant.",TRUE,500,1,FALSE,10000,0.05,0,20260515,"$\\pi_1 = 0.55$, $E[Y \\mid A = 1, R = 1] = 2.727$",0.5,0.55,0,-0.0015327349062325,0.101438460923932,"2026-04-17 18:37:32 CEST"
101,"S3",3,"S3: Antagonistic cancellation","S3 Antagonistic cancellation","Signature case where survival and survivor means move in opposite directions while the combined-outcome mean stays constant.",TRUE,50,2,FALSE,10000,0.05,0,20260516,"$\\pi_1 = 0.60$, $E[Y \\mid A = 1, R = 1] = 2.500$",0.5,0.6,0,0.00193474028897062,0.309547288997867,"2026-04-17 18:26:25 CEST"
102,"S3",3,"S3: Antagonistic cancellation","S3 Antagonistic cancellation","Signature case where survival and survivor means move in opposite directions while the combined-outcome mean stays constant.",TRUE,100,2,FALSE,10000,0.05,0,20260517,"$\\pi_1 = 0.60$, $E[Y \\mid A = 1, R = 1] = 2.500$",0.5,0.6,0,-0.00144766426535098,0.222357368120628,"2026-04-17 18:28:31 CEST"
103,"S3",3,"S3: Antagonistic cancellation","S3 Antagonistic cancellation","Signature case where survival and survivor means move in opposite directions while the combined-outcome mean stays constant.",TRUE,150,2,FALSE,10000,0.05,0,20260518,"$\\pi_1 = 0.60$, $E[Y \\mid A = 1, R = 1] = 2.500$",0.5,0.6,0,-0.00124636834311326,0.181225611883779,"2026-04-17 18:30:16 CEST"
104,"S3",3,"S3: Antagonistic cancellation","S3 Antagonistic cancellation","Signature case where survival and survivor means move in opposite directions while the combined-outcome mean stays constant.",TRUE,200,2,FALSE,10000,0.05,0,20260519,"$\\pi_1 = 0.60$, $E[Y \\mid A = 1, R = 1] = 2.500$",0.5,0.6,0,0.00153827342065853,0.157218135866264,"2026-04-17 18:32:00 CEST"
105,"S3",3,"S3: Antagonistic cancellation","S3 Antagonistic cancellation","Signature case where survival and survivor means move in opposite directions while the combined-outcome mean stays constant.",TRUE,250,2,FALSE,10000,0.05,0,20260520,"$\\pi_1 = 0.60$, $E[Y \\mid A = 1, R = 1] = 2.500$",0.5,0.6,0,-0.00204943621469906,0.138666727566716,"2026-04-17 18:32:52 CEST"
106,"S3",3,"S3: Antagonistic cancellation","S3 Antagonistic cancellation","Signature case where survival and survivor means move in opposite directions while the combined-outcome mean stays constant.",TRUE,300,2,FALSE,10000,0.05,0,20260521,"$\\pi_1 = 0.60$, $E[Y \\mid A = 1, R = 1] = 2.500$",0.5,0.6,0,0.000972151097285312,0.126558295279546,"2026-04-17 18:34:32 CEST"
107,"S3",3,"S3: Antagonistic cancellation","S3 Antagonistic cancellation","Signature case where survival and survivor means move in opposite directions while the combined-outcome mean stays constant.",TRUE,350,2,FALSE,10000,0.05,0,20260522,"$\\pi_1 = 0.60$, $E[Y \\mid A = 1, R = 1] = 2.500$",0.5,0.6,0,0.000236504329060806,0.118658818891857,"2026-04-17 18:36:17 CEST"
108,"S3",3,"S3: Antagonistic cancellation","S3 Antagonistic cancellation","Signature case where survival and survivor means move in opposite directions while the combined-outcome mean stays constant.",TRUE,400,2,FALSE,10000,0.05,0,20260523,"$\\pi_1 = 0.60$, $E[Y \\mid A = 1, R = 1] = 2.500$",0.5,0.6,0,0.0004353234485004,0.109265804406585,"2026-04-17 18:37:44 CEST"
109,"S3",3,"S3: Antagonistic cancellation","S3 Antagonistic cancellation","Signature case where survival and survivor means move in opposite directions while the combined-outcome mean stays constant.",TRUE,450,2,FALSE,10000,0.05,0,20260524,"$\\pi_1 = 0.60$, $E[Y \\mid A = 1, R = 1] = 2.500$",0.5,0.6,0,-0.00233578451497008,0.104005573086469,"2026-04-17 18:39:01 CEST"
110,"S3",3,"S3: Antagonistic cancellation","S3 Antagonistic cancellation","Signature case where survival and survivor means move in opposite directions while the combined-outcome mean stays constant.",TRUE,500,2,FALSE,10000,0.05,0,20260525,"$\\pi_1 = 0.60$, $E[Y \\mid A = 1, R = 1] = 2.500$",0.5,0.6,0,-0.000147638175077345,0.0992678855208814,"2026-04-17 18:40:21 CEST"
111,"S3",3,"S3: Antagonistic cancellation","S3 Antagonistic cancellation","Signature case where survival and survivor means move in opposite directions while the combined-outcome mean stays constant.",TRUE,50,3,FALSE,10000,0.05,0,20260526,"$\\pi_1 = 0.65$, $E[Y \\mid A = 1, R = 1] = 2.308$",0.5,0.65,0,-0.00335238369645639,0.305718987576523,"2026-04-17 18:28:43 CEST"
112,"S3",3,"S3: Antagonistic cancellation","S3 Antagonistic cancellation","Signature case where survival and survivor means move in opposite directions while the combined-outcome mean stays constant.",TRUE,100,3,FALSE,10000,0.05,0,20260527,"$\\pi_1 = 0.65$, $E[Y \\mid A = 1, R = 1] = 2.308$",0.5,0.65,0,-0.00405238468311916,0.215403452757377,"2026-04-17 18:31:13 CEST"
113,"S3",3,"S3: Antagonistic cancellation","S3 Antagonistic cancellation","Signature case where survival and survivor means move in opposite directions while the combined-outcome mean stays constant.",TRUE,150,3,FALSE,10000,0.05,0,20260528,"$\\pi_1 = 0.65$, $E[Y \\mid A = 1, R = 1] = 2.308$",0.5,0.65,0,-0.00356506134093619,0.174823651765231,"2026-04-17 18:32:07 CEST"
114,"S3",3,"S3: Antagonistic cancellation","S3 Antagonistic cancellation","Signature case where survival and survivor means move in opposite directions while the combined-outcome mean stays constant.",TRUE,200,3,FALSE,10000,0.05,0,20260529,"$\\pi_1 = 0.65$, $E[Y \\mid A = 1, R = 1] = 2.308$",0.5,0.65,0,-0.00278371961851897,0.151487639613045,"2026-04-17 18:34:15 CEST"
115,"S3",3,"S3: Antagonistic cancellation","S3 Antagonistic cancellation","Signature case where survival and survivor means move in opposite directions while the combined-outcome mean stays constant.",TRUE,250,3,FALSE,10000,0.05,0,20260530,"$\\pi_1 = 0.65$, $E[Y \\mid A = 1, R = 1] = 2.308$",0.5,0.65,0,0.00153476994511257,0.135703218973163,"2026-04-17 18:36:27 CEST"
116,"S3",3,"S3: Antagonistic cancellation","S3 Antagonistic cancellation","Signature case where survival and survivor means move in opposite directions while the combined-outcome mean stays constant.",TRUE,300,3,FALSE,10000,0.05,0,20260531,"$\\pi_1 = 0.65$, $E[Y \\mid A = 1, R = 1] = 2.308$",0.5,0.65,0,-0.00201158409460532,0.123782368398612,"2026-04-17 18:37:37 CEST"
117,"S3",3,"S3: Antagonistic cancellation","S3 Antagonistic cancellation","Signature case where survival and survivor means move in opposite directions while the combined-outcome mean stays constant.",TRUE,350,3,FALSE,10000,0.05,0,20260532,"$\\pi_1 = 0.65$, $E[Y \\mid A = 1, R = 1] = 2.308$",0.5,0.65,0,-4.25255370402132e-05,0.113853283048034,"2026-04-17 18:39:13 CEST"
118,"S3",3,"S3: Antagonistic cancellation","S3 Antagonistic cancellation","Signature case where survival and survivor means move in opposite directions while the combined-outcome mean stays constant.",TRUE,400,3,FALSE,10000,0.05,0,20260533,"$\\pi_1 = 0.65$, $E[Y \\mid A = 1, R = 1] = 2.308$",0.5,0.65,0,-0.000250515169822097,0.107796909741491,"2026-04-17 18:40:24 CEST"
119,"S3",3,"S3: Antagonistic cancellation","S3 Antagonistic cancellation","Signature case where survival and survivor means move in opposite directions while the combined-outcome mean stays constant.",TRUE,450,3,FALSE,10000,0.05,0,20260534,"$\\pi_1 = 0.65$, $E[Y \\mid A = 1, R = 1] = 2.308$",0.5,0.65,0,-0.00119624109256218,0.101766249316759,"2026-04-17 18:42:10 CEST"
120,"S3",3,"S3: Antagonistic cancellation","S3 Antagonistic cancellation","Signature case where survival and survivor means move in opposite directions while the combined-outcome mean stays constant.",TRUE,500,3,FALSE,10000,0.05,0,20260535,"$\\pi_1 = 0.65$, $E[Y \\mid A = 1, R = 1] = 2.308$",0.5,0.65,0,0.00223645570739178,0.0959401233255133,"2026-04-17 18:43:26 CEST"
121,"S4",4,"S4: Concordant joint improvement","S4 Concordant joint improvement","Configuration where both components move in the same helpful direction, making one-dimensional tests more competitive.",FALSE,50,0,TRUE,10000,0.05,0,20260536,"$\\pi_1 = 0.50$, $E[Y \\mid A = 1, R = 1] = 3.00$",0.5,0.5,0,0.00667827808720088,0.335260245589149,"2026-04-17 18:30:22 CEST"
122,"S4",4,"S4: Concordant joint improvement","S4 Concordant joint improvement","Configuration where both components move in the same helpful direction, making one-dimensional tests more competitive.",FALSE,100,0,TRUE,10000,0.05,0,20260537,"$\\pi_1 = 0.50$, $E[Y \\mid A = 1, R = 1] = 3.00$",0.5,0.5,0,0.00248445245341863,0.232650026468499,"2026-04-17 18:31:57 CEST"
123,"S4",4,"S4: Concordant joint improvement","S4 Concordant joint improvement","Configuration where both components move in the same helpful direction, making one-dimensional tests more competitive.",FALSE,150,0,TRUE,10000,0.05,0,20260538,"$\\pi_1 = 0.50$, $E[Y \\mid A = 1, R = 1] = 3.00$",0.5,0.5,0,-0.0042843569448144,0.190822289528934,"2026-04-17 18:33:57 CEST"
124,"S4",4,"S4: Concordant joint improvement","S4 Concordant joint improvement","Configuration where both components move in the same helpful direction, making one-dimensional tests more competitive.",FALSE,200,0,TRUE,10000,0.05,0,20260539,"$\\pi_1 = 0.50$, $E[Y \\mid A = 1, R = 1] = 3.00$",0.5,0.5,0,-0.000947436692459122,0.166137494449287,"2026-04-17 18:35:08 CEST"
125,"S4",4,"S4: Concordant joint improvement","S4 Concordant joint improvement","Configuration where both components move in the same helpful direction, making one-dimensional tests more competitive.",FALSE,250,0,TRUE,10000,0.05,0,20260540,"$\\pi_1 = 0.50$, $E[Y \\mid A = 1, R = 1] = 3.00$",0.5,0.5,0,0.00288493745860297,0.149651372135359,"2026-04-17 18:37:03 CEST"
126,"S4",4,"S4: Concordant joint improvement","S4 Concordant joint improvement","Configuration where both components move in the same helpful direction, making one-dimensional tests more competitive.",FALSE,300,0,TRUE,10000,0.05,0,20260541,"$\\pi_1 = 0.50$, $E[Y \\mid A = 1, R = 1] = 3.00$",0.5,0.5,0,0.00066921805922685,0.134963852295947,"2026-04-17 18:38:24 CEST"
127,"S4",4,"S4: Concordant joint improvement","S4 Concordant joint improvement","Configuration where both components move in the same helpful direction, making one-dimensional tests more competitive.",FALSE,350,0,TRUE,10000,0.05,0,20260542,"$\\pi_1 = 0.50$, $E[Y \\mid A = 1, R = 1] = 3.00$",0.5,0.5,0,0.00128983861798435,0.124794252398623,"2026-04-17 18:58:08 CEST"
128,"S4",4,"S4: Concordant joint improvement","S4 Concordant joint improvement","Configuration where both components move in the same helpful direction, making one-dimensional tests more competitive.",FALSE,400,0,TRUE,10000,0.05,0,20260543,"$\\pi_1 = 0.50$, $E[Y \\mid A = 1, R = 1] = 3.00$",0.5,0.5,0,-7.67506162336687e-06,0.117077038641611,"2026-04-17 18:41:22 CEST"
129,"S4",4,"S4: Concordant joint improvement","S4 Concordant joint improvement","Configuration where both components move in the same helpful direction, making one-dimensional tests more competitive.",FALSE,450,0,TRUE,10000,0.05,0,20260544,"$\\pi_1 = 0.50$, $E[Y \\mid A = 1, R = 1] = 3.00$",0.5,0.5,0,0.000492723278179148,0.111472970737785,"2026-04-17 18:42:42 CEST"
130,"S4",4,"S4: Concordant joint improvement","S4 Concordant joint improvement","Configuration where both components move in the same helpful direction, making one-dimensional tests more competitive.",FALSE,500,0,TRUE,10000,0.05,0,20260545,"$\\pi_1 = 0.50$, $E[Y \\mid A = 1, R = 1] = 3.00$",0.5,0.5,0,-0.00174056310008602,0.104460181300149,"2026-04-17 18:43:46 CEST"
131,"S4",4,"S4: Concordant joint improvement","S4 Concordant joint improvement","Configuration where both components move in the same helpful direction, making one-dimensional tests more competitive.",FALSE,50,1,FALSE,10000,0.05,0,20260546,"$\\pi_1 = 0.55$, $E[Y \\mid A = 1, R = 1] = 3.15$",0.5,0.55,0.2325,0.233350232283973,0.337868754540276,"2026-04-17 18:32:33 CEST"
132,"S4",4,"S4: Concordant joint improvement","S4 Concordant joint improvement","Configuration where both components move in the same helpful direction, making one-dimensional tests more competitive.",FALSE,100,1,FALSE,10000,0.05,0,20260547,"$\\pi_1 = 0.55$, $E[Y \\mid A = 1, R = 1] = 3.15$",0.5,0.55,0.2325,0.234907414872173,0.243802582526397,"2026-04-17 18:34:32 CEST"
133,"S4",4,"S4: Concordant joint improvement","S4 Concordant joint improvement","Configuration where both components move in the same helpful direction, making one-dimensional tests more competitive.",FALSE,150,1,FALSE,10000,0.05,0,20260548,"$\\pi_1 = 0.55$, $E[Y \\mid A = 1, R = 1] = 3.15$",0.5,0.55,0.2325,0.228716445865664,0.196731609185752,"2026-04-17 18:57:18 CEST"
134,"S4",4,"S4: Concordant joint improvement","S4 Concordant joint improvement","Configuration where both components move in the same helpful direction, making one-dimensional tests more competitive.",FALSE,200,1,FALSE,10000,0.05,0,20260549,"$\\pi_1 = 0.55$, $E[Y \\mid A = 1, R = 1] = 3.15$",0.5,0.55,0.2325,0.233530509528163,0.168744568407533,"2026-04-17 18:52:41 CEST"
135,"S4",4,"S4: Concordant joint improvement","S4 Concordant joint improvement","Configuration where both components move in the same helpful direction, making one-dimensional tests more competitive.",FALSE,250,1,FALSE,10000,0.05,0,20260550,"$\\pi_1 = 0.55$, $E[Y \\mid A = 1, R = 1] = 3.15$",0.5,0.55,0.2325,0.23350579746062,0.150950995399571,"2026-04-17 18:40:03 CEST"
136,"S4",4,"S4: Concordant joint improvement","S4 Concordant joint improvement","Configuration where both components move in the same helpful direction, making one-dimensional tests more competitive.",FALSE,300,1,FALSE,10000,0.05,0,20260551,"$\\pi_1 = 0.55$, $E[Y \\mid A = 1, R = 1] = 3.15$",0.5,0.55,0.2325,0.233431468847076,0.136612549791436,"2026-04-17 18:41:05 CEST"
137,"S4",4,"S4: Concordant joint improvement","S4 Concordant joint improvement","Configuration where both components move in the same helpful direction, making one-dimensional tests more competitive.",FALSE,350,1,FALSE,10000,0.05,0,20260552,"$\\pi_1 = 0.55$, $E[Y \\mid A = 1, R = 1] = 3.15$",0.5,0.55,0.2325,0.232218386566833,0.128676417063584,"2026-04-17 19:03:25 CEST"
138,"S4",4,"S4: Concordant joint improvement","S4 Concordant joint improvement","Configuration where both components move in the same helpful direction, making one-dimensional tests more competitive.",FALSE,400,1,FALSE,10000,0.05,0,20260553,"$\\pi_1 = 0.55$, $E[Y \\mid A = 1, R = 1] = 3.15$",0.5,0.55,0.2325,0.232986846589448,0.1200056824178,"2026-04-17 18:45:34 CEST"
139,"S4",4,"S4: Concordant joint improvement","S4 Concordant joint improvement","Configuration where both components move in the same helpful direction, making one-dimensional tests more competitive.",FALSE,450,1,FALSE,10000,0.05,0,20260554,"$\\pi_1 = 0.55$, $E[Y \\mid A = 1, R = 1] = 3.15$",0.5,0.55,0.2325,0.231718369845192,0.11387617166574,"2026-04-17 18:46:52 CEST"
140,"S4",4,"S4: Concordant joint improvement","S4 Concordant joint improvement","Configuration where both components move in the same helpful direction, making one-dimensional tests more competitive.",FALSE,500,1,FALSE,10000,0.05,0,20260555,"$\\pi_1 = 0.55$, $E[Y \\mid A = 1, R = 1] = 3.15$",0.5,0.55,0.2325,0.23279040727114,0.108166912819729,"2026-04-17 19:02:02 CEST"
141,"S4",4,"S4: Concordant joint improvement","S4 Concordant joint improvement","Configuration where both components move in the same helpful direction, making one-dimensional tests more competitive.",FALSE,50,2,FALSE,10000,0.05,0,20260556,"$\\pi_1 = 0.60$, $E[Y \\mid A = 1, R = 1] = 3.30$",0.5,0.6,0.48,0.479274054015563,0.346026233258957,"2026-04-17 18:50:42 CEST"
142,"S4",4,"S4: Concordant joint improvement","S4 Concordant joint improvement","Configuration where both components move in the same helpful direction, making one-dimensional tests more competitive.",FALSE,100,2,FALSE,10000,0.05,0,20260557,"$\\pi_1 = 0.60$, $E[Y \\mid A = 1, R = 1] = 3.30$",0.5,0.6,0.48,0.485242453153355,0.239776088098635,"2026-04-17 18:55:41 CEST"
143,"S4",4,"S4: Concordant joint improvement","S4 Concordant joint improvement","Configuration where both components move in the same helpful direction, making one-dimensional tests more competitive.",FALSE,150,2,FALSE,10000,0.05,0,20260558,"$\\pi_1 = 0.60$, $E[Y \\mid A = 1, R = 1] = 3.30$",0.5,0.6,0.48,0.478801180651169,0.198945437823288,"2026-04-17 19:03:36 CEST"
144,"S4",4,"S4: Concordant joint improvement","S4 Concordant joint improvement","Configuration where both components move in the same helpful direction, making one-dimensional tests more competitive.",FALSE,200,2,FALSE,10000,0.05,0,20260559,"$\\pi_1 = 0.60$, $E[Y \\mid A = 1, R = 1] = 3.30$",0.5,0.6,0.48,0.477001064528971,0.173748514846467,"2026-04-17 18:42:57 CEST"
145,"S4",4,"S4: Concordant joint improvement","S4 Concordant joint improvement","Configuration where both components move in the same helpful direction, making one-dimensional tests more competitive.",FALSE,250,2,FALSE,10000,0.05,0,20260560,"$\\pi_1 = 0.60$, $E[Y \\mid A = 1, R = 1] = 3.30$",0.5,0.6,0.48,0.480981475575467,0.155062486896612,"2026-04-17 18:44:18 CEST"
146,"S4",4,"S4: Concordant joint improvement","S4 Concordant joint improvement","Configuration where both components move in the same helpful direction, making one-dimensional tests more competitive.",FALSE,300,2,FALSE,10000,0.05,0,20260561,"$\\pi_1 = 0.60$, $E[Y \\mid A = 1, R = 1] = 3.30$",0.5,0.6,0.48,0.48081994238998,0.139219405084401,"2026-04-17 19:08:21 CEST"
147,"S4",4,"S4: Concordant joint improvement","S4 Concordant joint improvement","Configuration where both components move in the same helpful direction, making one-dimensional tests more competitive.",FALSE,350,2,FALSE,10000,0.05,0,20260562,"$\\pi_1 = 0.60$, $E[Y \\mid A = 1, R = 1] = 3.30$",0.5,0.6,0.48,0.47949281777094,0.130016830290597,"2026-04-17 19:00:22 CEST"
148,"S4",4,"S4: Concordant joint improvement","S4 Concordant joint improvement","Configuration where both components move in the same helpful direction, making one-dimensional tests more competitive.",FALSE,400,2,FALSE,10000,0.05,0,20260563,"$\\pi_1 = 0.60$, $E[Y \\mid A = 1, R = 1] = 3.30$",0.5,0.6,0.48,0.479055166934061,0.120943570243566,"2026-04-17 19:07:38 CEST"
149,"S4",4,"S4: Concordant joint improvement","S4 Concordant joint improvement","Configuration where both components move in the same helpful direction, making one-dimensional tests more competitive.",FALSE,450,2,FALSE,10000,0.05,0,20260564,"$\\pi_1 = 0.60$, $E[Y \\mid A = 1, R = 1] = 3.30$",0.5,0.6,0.48,0.480994641131736,0.114998037816611,"2026-04-17 19:14:06 CEST"
150,"S4",4,"S4: Concordant joint improvement","S4 Concordant joint improvement","Configuration where both components move in the same helpful direction, making one-dimensional tests more competitive.",FALSE,500,2,FALSE,10000,0.05,0,20260565,"$\\pi_1 = 0.60$, $E[Y \\mid A = 1, R = 1] = 3.30$",0.5,0.6,0.48,0.480800687774955,0.110512935801606,"2026-04-17 19:16:00 CEST"
151,"S4",4,"S4: Concordant joint improvement","S4 Concordant joint improvement","Configuration where both components move in the same helpful direction, making one-dimensional tests more competitive.",FALSE,50,3,FALSE,10000,0.05,0,20260566,"$\\pi_1 = 0.65$, $E[Y \\mid A = 1, R = 1] = 3.45$",0.5,0.65,0.7425,0.748936915778431,0.34893512098513,"2026-04-17 18:59:30 CEST"
152,"S4",4,"S4: Concordant joint improvement","S4 Concordant joint improvement","Configuration where both components move in the same helpful direction, making one-dimensional tests more competitive.",FALSE,100,3,FALSE,10000,0.05,0,20260567,"$\\pi_1 = 0.65$, $E[Y \\mid A = 1, R = 1] = 3.45$",0.5,0.65,0.7425,0.746581306908156,0.245948965653202,"2026-04-17 19:04:04 CEST"
153,"S4",4,"S4: Concordant joint improvement","S4 Concordant joint improvement","Configuration where both components move in the same helpful direction, making one-dimensional tests more competitive.",FALSE,150,3,FALSE,10000,0.05,0,20260568,"$\\pi_1 = 0.65$, $E[Y \\mid A = 1, R = 1] = 3.45$",0.5,0.65,0.7425,0.742901179212271,0.201376669825938,"2026-04-17 18:52:52 CEST"
154,"S4",4,"S4: Concordant joint improvement","S4 Concordant joint improvement","Configuration where both components move in the same helpful direction, making one-dimensional tests more competitive.",FALSE,200,3,FALSE,10000,0.05,0,20260569,"$\\pi_1 = 0.65$, $E[Y \\mid A = 1, R = 1] = 3.45$",0.5,0.65,0.7425,0.740277953379464,0.172995566120549,"2026-04-17 19:06:33 CEST"
155,"S4",4,"S4: Concordant joint improvement","S4 Concordant joint improvement","Configuration where both components move in the same helpful direction, making one-dimensional tests more competitive.",FALSE,250,3,FALSE,10000,0.05,0,20260570,"$\\pi_1 = 0.65$, $E[Y \\mid A = 1, R = 1] = 3.45$",0.5,0.65,0.7425,0.742775386526929,0.156639465891263,"2026-04-17 18:57:19 CEST"
156,"S4",4,"S4: Concordant joint improvement","S4 Concordant joint improvement","Configuration where both components move in the same helpful direction, making one-dimensional tests more competitive.",FALSE,300,3,FALSE,10000,0.05,0,20260571,"$\\pi_1 = 0.65$, $E[Y \\mid A = 1, R = 1] = 3.45$",0.5,0.65,0.7425,0.744084111665546,0.142546979163945,"2026-04-17 19:21:24 CEST"
157,"S4",4,"S4: Concordant joint improvement","S4 Concordant joint improvement","Configuration where both components move in the same helpful direction, making one-dimensional tests more competitive.",FALSE,350,3,FALSE,10000,0.05,0,20260572,"$\\pi_1 = 0.65$, $E[Y \\mid A = 1, R = 1] = 3.45$",0.5,0.65,0.7425,0.742677800197364,0.132570010906493,"2026-04-17 19:00:54 CEST"
158,"S4",4,"S4: Concordant joint improvement","S4 Concordant joint improvement","Configuration where both components move in the same helpful direction, making one-dimensional tests more competitive.",FALSE,400,3,FALSE,10000,0.05,0,20260573,"$\\pi_1 = 0.65$, $E[Y \\mid A = 1, R = 1] = 3.45$",0.5,0.65,0.7425,0.74162983798971,0.122796670303421,"2026-04-17 19:02:42 CEST"
159,"S4",4,"S4: Concordant joint improvement","S4 Concordant joint improvement","Configuration where both components move in the same helpful direction, making one-dimensional tests more competitive.",FALSE,450,3,FALSE,10000,0.05,0,20260574,"$\\pi_1 = 0.65$, $E[Y \\mid A = 1, R = 1] = 3.45$",0.5,0.65,0.7425,0.740645935379042,0.117249002342374,"2026-04-17 19:31:11 CEST"
160,"S4",4,"S4: Concordant joint improvement","S4 Concordant joint improvement","Configuration where both components move in the same helpful direction, making one-dimensional tests more competitive.",FALSE,500,3,FALSE,10000,0.05,0,20260575,"$\\pi_1 = 0.65$, $E[Y \\mid A = 1, R = 1] = 3.45$",0.5,0.65,0.7425,0.743866137322354,0.110501615658631,"2026-04-17 19:06:38 CEST"
161,"S5",5,"S5: Gamma shape-change with mean shift","S5 Gamma shape change","Non-normal survivor case with concurrent mean, variance, and skewness changes designed to separate semi-parametric and parametric performance.",TRUE,50,0,TRUE,10000,0.05,0,20260576,"$k_1 = 9.0$, $E[Y \\mid A = 1, R = 1] = 3.0$",0.65,0.65,0,-0.00128460447644054,0.329294520446479,"2026-04-17 19:05:17 CEST"
162,"S5",5,"S5: Gamma shape-change with mean shift","S5 Gamma shape change","Non-normal survivor case with concurrent mean, variance, and skewness changes designed to separate semi-parametric and parametric performance.",TRUE,100,0,TRUE,10000,0.05,0,20260577,"$k_1 = 9.0$, $E[Y \\mid A = 1, R = 1] = 3.0$",0.65,0.65,0,-0.002887883338905,0.234557613566379,"2026-04-17 18:57:54 CEST"
163,"S5",5,"S5: Gamma shape-change with mean shift","S5 Gamma shape change","Non-normal survivor case with concurrent mean, variance, and skewness changes designed to separate semi-parametric and parametric performance.",TRUE,150,0,TRUE,10000,0.05,0,20260578,"$k_1 = 9.0$, $E[Y \\mid A = 1, R = 1] = 3.0$",0.65,0.65,0,-0.000123806206751957,0.190420424937893,"2026-04-17 19:17:46 CEST"
164,"S5",5,"S5: Gamma shape-change with mean shift","S5 Gamma shape change","Non-normal survivor case with concurrent mean, variance, and skewness changes designed to separate semi-parametric and parametric performance.",TRUE,200,0,TRUE,10000,0.05,0,20260579,"$k_1 = 9.0$, $E[Y \\mid A = 1, R = 1] = 3.0$",0.65,0.65,0,-0.000287230574412856,0.163890250288055,"2026-04-17 19:03:49 CEST"
165,"S5",5,"S5: Gamma shape-change with mean shift","S5 Gamma shape change","Non-normal survivor case with concurrent mean, variance, and skewness changes designed to separate semi-parametric and parametric performance.",TRUE,250,0,TRUE,10000,0.05,0,20260580,"$k_1 = 9.0$, $E[Y \\mid A = 1, R = 1] = 3.0$",0.65,0.65,0,-0.00161368597128358,0.14621966819896,"2026-04-17 19:05:39 CEST"
166,"S5",5,"S5: Gamma shape-change with mean shift","S5 Gamma shape change","Non-normal survivor case with concurrent mean, variance, and skewness changes designed to separate semi-parametric and parametric performance.",TRUE,300,0,TRUE,10000,0.05,0,20260581,"$k_1 = 9.0$, $E[Y \\mid A = 1, R = 1] = 3.0$",0.65,0.65,0,0.00124231814235118,0.135703281318974,"2026-04-17 19:08:12 CEST"
167,"S5",5,"S5: Gamma shape-change with mean shift","S5 Gamma shape change","Non-normal survivor case with concurrent mean, variance, and skewness changes designed to separate semi-parametric and parametric performance.",TRUE,350,0,TRUE,10000,0.05,0,20260582,"$k_1 = 9.0$, $E[Y \\mid A = 1, R = 1] = 3.0$",0.65,0.65,0,-0.00176047638908847,0.125621623200992,"2026-04-17 19:23:48 CEST"
168,"S5",5,"S5: Gamma shape-change with mean shift","S5 Gamma shape change","Non-normal survivor case with concurrent mean, variance, and skewness changes designed to separate semi-parametric and parametric performance.",TRUE,400,0,TRUE,10000,0.05,0,20260583,"$k_1 = 9.0$, $E[Y \\mid A = 1, R = 1] = 3.0$",0.65,0.65,0,-0.00167984618716159,0.114345356865692,"2026-04-17 19:12:09 CEST"
169,"S5",5,"S5: Gamma shape-change with mean shift","S5 Gamma shape change","Non-normal survivor case with concurrent mean, variance, and skewness changes designed to separate semi-parametric and parametric performance.",TRUE,450,0,TRUE,10000,0.05,0,20260584,"$k_1 = 9.0$, $E[Y \\mid A = 1, R = 1] = 3.0$",0.65,0.65,0,-0.00119573531395134,0.108485385157874,"2026-04-17 19:14:47 CEST"
170,"S5",5,"S5: Gamma shape-change with mean shift","S5 Gamma shape change","Non-normal survivor case with concurrent mean, variance, and skewness changes designed to separate semi-parametric and parametric performance.",TRUE,500,0,TRUE,10000,0.05,0,20260585,"$k_1 = 9.0$, $E[Y \\mid A = 1, R = 1] = 3.0$",0.65,0.65,0,-0.000219719302837035,0.103136799658373,"2026-04-17 19:16:17 CEST"
171,"S5",5,"S5: Gamma shape-change with mean shift","S5 Gamma shape change","Non-normal survivor case with concurrent mean, variance, and skewness changes designed to separate semi-parametric and parametric performance.",TRUE,50,1,FALSE,10000,0.05,0,20260586,"$k_1 = 6.0$, $E[Y \\mid A = 1, R = 1] = 3.2$",0.65,0.65,0.13,0.131738150379185,0.352005040592365,"2026-04-17 18:58:44 CEST"
172,"S5",5,"S5: Gamma shape-change with mean shift","S5 Gamma shape change","Non-normal survivor case with concurrent mean, variance, and skewness changes designed to separate semi-parametric and parametric performance.",TRUE,100,1,FALSE,10000,0.05,0,20260587,"$k_1 = 6.0$, $E[Y \\mid A = 1, R = 1] = 3.2$",0.65,0.65,0.13,0.129338285386828,0.247994891885553,"2026-04-17 19:03:27 CEST"
173,"S5",5,"S5: Gamma shape-change with mean shift","S5 Gamma shape change","Non-normal survivor case with concurrent mean, variance, and skewness changes designed to separate semi-parametric and parametric performance.",TRUE,150,1,FALSE,10000,0.05,0,20260588,"$k_1 = 6.0$, $E[Y \\mid A = 1, R = 1] = 3.2$",0.65,0.65,0.13,0.132826984201213,0.204807941145586,"2026-04-17 19:05:40 CEST"
174,"S5",5,"S5: Gamma shape-change with mean shift","S5 Gamma shape change","Non-normal survivor case with concurrent mean, variance, and skewness changes designed to separate semi-parametric and parametric performance.",TRUE,200,1,FALSE,10000,0.05,0,20260589,"$k_1 = 6.0$, $E[Y \\mid A = 1, R = 1] = 3.2$",0.65,0.65,0.13,0.12508254588819,0.172904018409951,"2026-04-17 19:08:21 CEST"
175,"S5",5,"S5: Gamma shape-change with mean shift","S5 Gamma shape change","Non-normal survivor case with concurrent mean, variance, and skewness changes designed to separate semi-parametric and parametric performance.",TRUE,250,1,FALSE,10000,0.05,0,20260590,"$k_1 = 6.0$, $E[Y \\mid A = 1, R = 1] = 3.2$",0.65,0.65,0.13,0.129999670079732,0.155043433441853,"2026-04-17 19:10:35 CEST"
176,"S5",5,"S5: Gamma shape-change with mean shift","S5 Gamma shape change","Non-normal survivor case with concurrent mean, variance, and skewness changes designed to separate semi-parametric and parametric performance.",TRUE,300,1,FALSE,10000,0.05,0,20260591,"$k_1 = 6.0$, $E[Y \\mid A = 1, R = 1] = 3.2$",0.65,0.65,0.13,0.131798939133662,0.142287718611415,"2026-04-17 19:12:40 CEST"
177,"S5",5,"S5: Gamma shape-change with mean shift","S5 Gamma shape change","Non-normal survivor case with concurrent mean, variance, and skewness changes designed to separate semi-parametric and parametric performance.",TRUE,350,1,FALSE,10000,0.05,0,20260592,"$k_1 = 6.0$, $E[Y \\mid A = 1, R = 1] = 3.2$",0.65,0.65,0.13,0.129552858981482,0.131938210083583,"2026-04-17 19:16:16 CEST"
178,"S5",5,"S5: Gamma shape-change with mean shift","S5 Gamma shape change","Non-normal survivor case with concurrent mean, variance, and skewness changes designed to separate semi-parametric and parametric performance.",TRUE,400,1,FALSE,10000,0.05,0,20260593,"$k_1 = 6.0$, $E[Y \\mid A = 1, R = 1] = 3.2$",0.65,0.65,0.13,0.130503435698422,0.124080868967819,"2026-04-17 19:16:09 CEST"
179,"S5",5,"S5: Gamma shape-change with mean shift","S5 Gamma shape change","Non-normal survivor case with concurrent mean, variance, and skewness changes designed to separate semi-parametric and parametric performance.",TRUE,450,1,FALSE,10000,0.05,0,20260594,"$k_1 = 6.0$, $E[Y \\mid A = 1, R = 1] = 3.2$",0.65,0.65,0.13,0.129055969079655,0.116838081030778,"2026-04-17 19:18:10 CEST"
180,"S5",5,"S5: Gamma shape-change with mean shift","S5 Gamma shape change","Non-normal survivor case with concurrent mean, variance, and skewness changes designed to separate semi-parametric and parametric performance.",TRUE,500,1,FALSE,10000,0.05,0,20260595,"$k_1 = 6.0$, $E[Y \\mid A = 1, R = 1] = 3.2$",0.65,0.65,0.13,0.130715452473549,0.111660479550054,"2026-04-17 19:20:01 CEST"
181,"S5",5,"S5: Gamma shape-change with mean shift","S5 Gamma shape change","Non-normal survivor case with concurrent mean, variance, and skewness changes designed to separate semi-parametric and parametric performance.",TRUE,50,2,FALSE,10000,0.05,0,20260596,"$k_1 = 4.0$, $E[Y \\mid A = 1, R = 1] = 3.4$",0.65,0.65,0.26,0.266973244015961,0.37924972220547,"2026-04-17 19:03:05 CEST"
182,"S5",5,"S5: Gamma shape-change with mean shift","S5 Gamma shape change","Non-normal survivor case with concurrent mean, variance, and skewness changes designed to separate semi-parametric and parametric performance.",TRUE,100,2,FALSE,10000,0.05,0,20260597,"$k_1 = 4.0$, $E[Y \\mid A = 1, R = 1] = 3.4$",0.65,0.65,0.26,0.254610108876807,0.269549398024087,"2026-04-17 19:16:36 CEST"
183,"S5",5,"S5: Gamma shape-change with mean shift","S5 Gamma shape change","Non-normal survivor case with concurrent mean, variance, and skewness changes designed to separate semi-parametric and parametric performance.",TRUE,150,2,FALSE,10000,0.05,0,20260598,"$k_1 = 4.0$, $E[Y \\mid A = 1, R = 1] = 3.4$",0.65,0.65,0.26,0.260613777343824,0.219908231242116,"2026-04-17 19:08:21 CEST"
184,"S5",5,"S5: Gamma shape-change with mean shift","S5 Gamma shape change","Non-normal survivor case with concurrent mean, variance, and skewness changes designed to separate semi-parametric and parametric performance.",TRUE,200,2,FALSE,10000,0.05,0,20260599,"$k_1 = 4.0$, $E[Y \\mid A = 1, R = 1] = 3.4$",0.65,0.65,0.26,0.254859144164306,0.190349110951038,"2026-04-17 19:10:56 CEST"
185,"S5",5,"S5: Gamma shape-change with mean shift","S5 Gamma shape change","Non-normal survivor case with concurrent mean, variance, and skewness changes designed to separate semi-parametric and parametric performance.",TRUE,250,2,FALSE,10000,0.05,0,20260600,"$k_1 = 4.0$, $E[Y \\mid A = 1, R = 1] = 3.4$",0.65,0.65,0.26,0.260883838293435,0.169953152292825,"2026-04-17 19:12:55 CEST"
186,"S5",5,"S5: Gamma shape-change with mean shift","S5 Gamma shape change","Non-normal survivor case with concurrent mean, variance, and skewness changes designed to separate semi-parametric and parametric performance.",TRUE,300,2,FALSE,10000,0.05,0,20260601,"$k_1 = 4.0$, $E[Y \\mid A = 1, R = 1] = 3.4$",0.65,0.65,0.26,0.258387710581906,0.156148153937555,"2026-04-17 19:14:45 CEST"
187,"S5",5,"S5: Gamma shape-change with mean shift","S5 Gamma shape change","Non-normal survivor case with concurrent mean, variance, and skewness changes designed to separate semi-parametric and parametric performance.",TRUE,350,2,FALSE,10000,0.05,0,20260602,"$k_1 = 4.0$, $E[Y \\mid A = 1, R = 1] = 3.4$",0.65,0.65,0.26,0.255803852746434,0.145048967932458,"2026-04-17 19:17:34 CEST"
188,"S5",5,"S5: Gamma shape-change with mean shift","S5 Gamma shape change","Non-normal survivor case with concurrent mean, variance, and skewness changes designed to separate semi-parametric and parametric performance.",TRUE,400,2,FALSE,10000,0.05,0,20260603,"$k_1 = 4.0$, $E[Y \\mid A = 1, R = 1] = 3.4$",0.65,0.65,0.26,0.260893824502488,0.134694322946358,"2026-04-17 19:18:29 CEST"
189,"S5",5,"S5: Gamma shape-change with mean shift","S5 Gamma shape change","Non-normal survivor case with concurrent mean, variance, and skewness changes designed to separate semi-parametric and parametric performance.",TRUE,450,2,FALSE,10000,0.05,0,20260604,"$k_1 = 4.0$, $E[Y \\mid A = 1, R = 1] = 3.4$",0.65,0.65,0.26,0.260753824530519,0.126248035718225,"2026-04-17 19:21:33 CEST"
190,"S5",5,"S5: Gamma shape-change with mean shift","S5 Gamma shape change","Non-normal survivor case with concurrent mean, variance, and skewness changes designed to separate semi-parametric and parametric performance.",TRUE,500,2,FALSE,10000,0.05,0,20260605,"$k_1 = 4.0$, $E[Y \\mid A = 1, R = 1] = 3.4$",0.65,0.65,0.26,0.260381467546709,0.119692161483685,"2026-04-17 19:22:12 CEST"
191,"S5",5,"S5: Gamma shape-change with mean shift","S5 Gamma shape change","Non-normal survivor case with concurrent mean, variance, and skewness changes designed to separate semi-parametric and parametric performance.",TRUE,50,3,FALSE,10000,0.05,0,20260606,"$k_1 = 2.5$, $E[Y \\mid A = 1, R = 1] = 3.6$",0.65,0.65,0.39,0.391678244744242,0.423849835548772,"2026-04-17 19:05:51 CEST"
192,"S5",5,"S5: Gamma shape-change with mean shift","S5 Gamma shape change","Non-normal survivor case with concurrent mean, variance, and skewness changes designed to separate semi-parametric and parametric performance.",TRUE,100,3,FALSE,10000,0.05,0,20260607,"$k_1 = 2.5$, $E[Y \\mid A = 1, R = 1] = 3.6$",0.65,0.65,0.39,0.389924205799064,0.301321409018621,"2026-04-17 19:09:15 CEST"
193,"S5",5,"S5: Gamma shape-change with mean shift","S5 Gamma shape change","Non-normal survivor case with concurrent mean, variance, and skewness changes designed to separate semi-parametric and parametric performance.",TRUE,150,3,FALSE,10000,0.05,0,20260608,"$k_1 = 2.5$, $E[Y \\mid A = 1, R = 1] = 3.6$",0.65,0.65,0.39,0.385904696721684,0.245260936796875,"2026-04-17 19:11:33 CEST"
194,"S5",5,"S5: Gamma shape-change with mean shift","S5 Gamma shape change","Non-normal survivor case with concurrent mean, variance, and skewness changes designed to separate semi-parametric and parametric performance.",TRUE,200,3,FALSE,10000,0.05,0,20260609,"$k_1 = 2.5$, $E[Y \\mid A = 1, R = 1] = 3.6$",0.65,0.65,0.39,0.389109868430863,0.212525147995222,"2026-04-17 19:15:01 CEST"
195,"S5",5,"S5: Gamma shape-change with mean shift","S5 Gamma shape change","Non-normal survivor case with concurrent mean, variance, and skewness changes designed to separate semi-parametric and parametric performance.",TRUE,250,3,FALSE,10000,0.05,0,20260610,"$k_1 = 2.5$, $E[Y \\mid A = 1, R = 1] = 3.6$",0.65,0.65,0.39,0.390179007653684,0.190523912252918,"2026-04-17 19:16:10 CEST"
196,"S5",5,"S5: Gamma shape-change with mean shift","S5 Gamma shape change","Non-normal survivor case with concurrent mean, variance, and skewness changes designed to separate semi-parametric and parametric performance.",TRUE,300,3,FALSE,10000,0.05,0,20260611,"$k_1 = 2.5$, $E[Y \\mid A = 1, R = 1] = 3.6$",0.65,0.65,0.39,0.390247030215944,0.172936036071065,"2026-04-17 19:18:02 CEST"
197,"S5",5,"S5: Gamma shape-change with mean shift","S5 Gamma shape change","Non-normal survivor case with concurrent mean, variance, and skewness changes designed to separate semi-parametric and parametric performance.",TRUE,350,3,FALSE,10000,0.05,0,20260612,"$k_1 = 2.5$, $E[Y \\mid A = 1, R = 1] = 3.6$",0.65,0.65,0.39,0.389747430936539,0.159857401192465,"2026-04-17 19:20:12 CEST"
198,"S5",5,"S5: Gamma shape-change with mean shift","S5 Gamma shape change","Non-normal survivor case with concurrent mean, variance, and skewness changes designed to separate semi-parametric and parametric performance.",TRUE,400,3,FALSE,10000,0.05,0,20260613,"$k_1 = 2.5$, $E[Y \\mid A = 1, R = 1] = 3.6$",0.65,0.65,0.39,0.38859947767359,0.151112217524487,"2026-04-17 19:21:48 CEST"
199,"S5",5,"S5: Gamma shape-change with mean shift","S5 Gamma shape change","Non-normal survivor case with concurrent mean, variance, and skewness changes designed to separate semi-parametric and parametric performance.",TRUE,450,3,FALSE,10000,0.05,0,20260614,"$k_1 = 2.5$, $E[Y \\mid A = 1, R = 1] = 3.6$",0.65,0.65,0.39,0.391376039015682,0.140397315055221,"2026-04-17 19:23:35 CEST"
200,"S5",5,"S5: Gamma shape-change with mean shift","S5 Gamma shape change","Non-normal survivor case with concurrent mean, variance, and skewness changes designed to separate semi-parametric and parametric performance.",TRUE,500,3,FALSE,10000,0.05,0,20260615,"$k_1 = 2.5$, $E[Y \\mid A = 1, R = 1] = 3.6$",0.65,0.65,0.39,0.391182494698057,0.133575994743317,"2026-04-17 19:26:00 CEST"
201,"S6",6,"S6: Rare-outlier contamination","S6 Rare-outlier contamination","Mixture case with rare extreme survivors that is deliberately friendly to rank-based robustness.",TRUE,50,0,TRUE,10000,0.05,0,20260616,"$\\delta = 0.00$",0.8,0.8,0,-0.00245046166233171,0.386074515081558,"2026-04-17 19:14:41 CEST"
202,"S6",6,"S6: Rare-outlier contamination","S6 Rare-outlier contamination","Mixture case with rare extreme survivors that is deliberately friendly to rank-based robustness.",TRUE,100,0,TRUE,10000,0.05,0,20260617,"$\\delta = 0.00$",0.8,0.8,0,0.00261040287832059,0.272786692451178,"2026-04-17 19:19:22 CEST"
203,"S6",6,"S6: Rare-outlier contamination","S6 Rare-outlier contamination","Mixture case with rare extreme survivors that is deliberately friendly to rank-based robustness.",TRUE,150,0,TRUE,10000,0.05,0,20260618,"$\\delta = 0.00$",0.8,0.8,0,0.00420695027235662,0.224930231535492,"2026-04-17 19:22:07 CEST"
204,"S6",6,"S6: Rare-outlier contamination","S6 Rare-outlier contamination","Mixture case with rare extreme survivors that is deliberately friendly to rank-based robustness.",TRUE,200,0,TRUE,10000,0.05,0,20260619,"$\\delta = 0.00$",0.8,0.8,0,-0.0039620328947537,0.192058264282312,"2026-04-17 19:24:41 CEST"
205,"S6",6,"S6: Rare-outlier contamination","S6 Rare-outlier contamination","Mixture case with rare extreme survivors that is deliberately friendly to rank-based robustness.",TRUE,250,0,TRUE,10000,0.05,0,20260620,"$\\delta = 0.00$",0.8,0.8,0,0.000237587138483881,0.174501199117968,"2026-04-17 19:27:28 CEST"
206,"S6",6,"S6: Rare-outlier contamination","S6 Rare-outlier contamination","Mixture case with rare extreme survivors that is deliberately friendly to rank-based robustness.",TRUE,300,0,TRUE,10000,0.05,0,20260621,"$\\delta = 0.00$",0.8,0.8,0,-0.000667756934623988,0.158465083886219,"2026-04-17 19:28:56 CEST"
207,"S6",6,"S6: Rare-outlier contamination","S6 Rare-outlier contamination","Mixture case with rare extreme survivors that is deliberately friendly to rank-based robustness.",TRUE,350,0,TRUE,10000,0.05,0,20260622,"$\\delta = 0.00$",0.8,0.8,0,-0.00295007924758036,0.145693467499815,"2026-04-17 19:31:37 CEST"
208,"S6",6,"S6: Rare-outlier contamination","S6 Rare-outlier contamination","Mixture case with rare extreme survivors that is deliberately friendly to rank-based robustness.",TRUE,400,0,TRUE,10000,0.05,0,20260623,"$\\delta = 0.00$",0.8,0.8,0,-0.000542284524341907,0.136467559330658,"2026-04-17 19:33:41 CEST"
209,"S6",6,"S6: Rare-outlier contamination","S6 Rare-outlier contamination","Mixture case with rare extreme survivors that is deliberately friendly to rank-based robustness.",TRUE,450,0,TRUE,10000,0.05,0,20260624,"$\\delta = 0.00$",0.8,0.8,0,0.0005790299560185,0.129328806668626,"2026-04-17 19:36:39 CEST"
210,"S6",6,"S6: Rare-outlier contamination","S6 Rare-outlier contamination","Mixture case with rare extreme survivors that is deliberately friendly to rank-based robustness.",TRUE,500,0,TRUE,10000,0.05,0,20260625,"$\\delta = 0.00$",0.8,0.8,0,-0.00107902621823065,0.121866232113012,"2026-04-17 19:38:53 CEST"
211,"S6",6,"S6: Rare-outlier contamination","S6 Rare-outlier contamination","Mixture case with rare extreme survivors that is deliberately friendly to rank-based robustness.",TRUE,50,1,FALSE,10000,0.05,0,20260626,"$\\delta = 0.10$",0.8,0.8,0.08,0.0785496427319034,0.388663604518954,"2026-04-17 19:19:21 CEST"
212,"S6",6,"S6: Rare-outlier contamination","S6 Rare-outlier contamination","Mixture case with rare extreme survivors that is deliberately friendly to rank-based robustness.",TRUE,100,1,FALSE,10000,0.05,0,20260627,"$\\delta = 0.10$",0.8,0.8,0.08,0.0808370732622179,0.273665608973903,"2026-04-17 19:24:11 CEST"
213,"S6",6,"S6: Rare-outlier contamination","S6 Rare-outlier contamination","Mixture case with rare extreme survivors that is deliberately friendly to rank-based robustness.",TRUE,150,1,FALSE,10000,0.05,0,20260628,"$\\delta = 0.10$",0.8,0.8,0.08,0.0818491525289282,0.224522206944865,"2026-04-17 19:26:24 CEST"
214,"S6",6,"S6: Rare-outlier contamination","S6 Rare-outlier contamination","Mixture case with rare extreme survivors that is deliberately friendly to rank-based robustness.",TRUE,200,1,FALSE,10000,0.05,0,20260629,"$\\delta = 0.10$",0.8,0.8,0.08,0.0774959140716535,0.19370907872198,"2026-04-17 19:29:22 CEST"
215,"S6",6,"S6: Rare-outlier contamination","S6 Rare-outlier contamination","Mixture case with rare extreme survivors that is deliberately friendly to rank-based robustness.",TRUE,250,1,FALSE,10000,0.05,0,20260630,"$\\delta = 0.10$",0.8,0.8,0.08,0.0821602010688449,0.174688702576304,"2026-04-17 19:31:52 CEST"
216,"S6",6,"S6: Rare-outlier contamination","S6 Rare-outlier contamination","Mixture case with rare extreme survivors that is deliberately friendly to rank-based robustness.",TRUE,300,1,FALSE,10000,0.05,0,20260631,"$\\delta = 0.10$",0.8,0.8,0.08,0.0811712822579043,0.158161373689587,"2026-04-17 19:34:23 CEST"
217,"S6",6,"S6: Rare-outlier contamination","S6 Rare-outlier contamination","Mixture case with rare extreme survivors that is deliberately friendly to rank-based robustness.",TRUE,350,1,FALSE,10000,0.05,0,20260632,"$\\delta = 0.10$",0.8,0.8,0.08,0.0836462840944594,0.148413033365464,"2026-04-17 19:58:32 CEST"
218,"S6",6,"S6: Rare-outlier contamination","S6 Rare-outlier contamination","Mixture case with rare extreme survivors that is deliberately friendly to rank-based robustness.",TRUE,400,1,FALSE,10000,0.05,0,20260633,"$\\delta = 0.10$",0.8,0.8,0.08,0.0789697050027774,0.139207627161788,"2026-04-17 20:01:03 CEST"
219,"S6",6,"S6: Rare-outlier contamination","S6 Rare-outlier contamination","Mixture case with rare extreme survivors that is deliberately friendly to rank-based robustness.",TRUE,450,1,FALSE,10000,0.05,0,20260634,"$\\delta = 0.10$",0.8,0.8,0.08,0.0783407659570491,0.12985269785642,"2026-04-17 20:04:53 CEST"
220,"S6",6,"S6: Rare-outlier contamination","S6 Rare-outlier contamination","Mixture case with rare extreme survivors that is deliberately friendly to rank-based robustness.",TRUE,500,1,FALSE,10000,0.05,0,20260635,"$\\delta = 0.10$",0.8,0.8,0.08,0.0791744526689008,0.123681842071254,"2026-04-17 19:49:13 CEST"
221,"S6",6,"S6: Rare-outlier contamination","S6 Rare-outlier contamination","Mixture case with rare extreme survivors that is deliberately friendly to rank-based robustness.",TRUE,50,2,FALSE,10000,0.05,0,20260636,"$\\delta = 0.20$",0.8,0.8,0.16,0.1609979946056,0.394948034154832,"2026-04-17 19:44:27 CEST"
222,"S6",6,"S6: Rare-outlier contamination","S6 Rare-outlier contamination","Mixture case with rare extreme survivors that is deliberately friendly to rank-based robustness.",TRUE,100,2,FALSE,10000,0.05,0,20260637,"$\\delta = 0.20$",0.8,0.8,0.16,0.15939482906045,0.277412050269656,"2026-04-17 19:50:00 CEST"
223,"S6",6,"S6: Rare-outlier contamination","S6 Rare-outlier contamination","Mixture case with rare extreme survivors that is deliberately friendly to rank-based robustness.",TRUE,150,2,FALSE,10000,0.05,0,20260638,"$\\delta = 0.20$",0.8,0.8,0.16,0.154868807825717,0.227057419870396,"2026-04-17 19:39:51 CEST"
224,"S6",6,"S6: Rare-outlier contamination","S6 Rare-outlier contamination","Mixture case with rare extreme survivors that is deliberately friendly to rank-based robustness.",TRUE,200,2,FALSE,10000,0.05,0,20260639,"$\\delta = 0.20$",0.8,0.8,0.16,0.156740357577512,0.197869499723971,"2026-04-17 19:41:35 CEST"
225,"S6",6,"S6: Rare-outlier contamination","S6 Rare-outlier contamination","Mixture case with rare extreme survivors that is deliberately friendly to rank-based robustness.",TRUE,250,2,FALSE,10000,0.05,0,20260640,"$\\delta = 0.20$",0.8,0.8,0.16,0.16030098547728,0.174585622286447,"2026-04-17 19:59:55 CEST"
226,"S6",6,"S6: Rare-outlier contamination","S6 Rare-outlier contamination","Mixture case with rare extreme survivors that is deliberately friendly to rank-based robustness.",TRUE,300,2,FALSE,10000,0.05,0,20260641,"$\\delta = 0.20$",0.8,0.8,0.16,0.160156223532578,0.158671253411873,"2026-04-17 19:46:16 CEST"
227,"S6",6,"S6: Rare-outlier contamination","S6 Rare-outlier contamination","Mixture case with rare extreme survivors that is deliberately friendly to rank-based robustness.",TRUE,350,2,FALSE,10000,0.05,0,20260642,"$\\delta = 0.20$",0.8,0.8,0.16,0.161295150317133,0.149484323654036,"2026-04-17 20:06:30 CEST"
228,"S6",6,"S6: Rare-outlier contamination","S6 Rare-outlier contamination","Mixture case with rare extreme survivors that is deliberately friendly to rank-based robustness.",TRUE,400,2,FALSE,10000,0.05,0,20260643,"$\\delta = 0.20$",0.8,0.8,0.16,0.160615148644514,0.140614240124098,"2026-04-17 20:07:10 CEST"
229,"S6",6,"S6: Rare-outlier contamination","S6 Rare-outlier contamination","Mixture case with rare extreme survivors that is deliberately friendly to rank-based robustness.",TRUE,450,2,FALSE,10000,0.05,0,20260644,"$\\delta = 0.20$",0.8,0.8,0.16,0.158498258157465,0.132598390434646,"2026-04-17 19:53:47 CEST"
230,"S6",6,"S6: Rare-outlier contamination","S6 Rare-outlier contamination","Mixture case with rare extreme survivors that is deliberately friendly to rank-based robustness.",TRUE,500,2,FALSE,10000,0.05,0,20260645,"$\\delta = 0.20$",0.8,0.8,0.16,0.160428640284156,0.124717091251283,"2026-04-17 20:14:31 CEST"
231,"S6",6,"S6: Rare-outlier contamination","S6 Rare-outlier contamination","Mixture case with rare extreme survivors that is deliberately friendly to rank-based robustness.",TRUE,50,3,FALSE,10000,0.05,0,20260646,"$\\delta = 0.35$",0.8,0.8,0.28,0.281521347405319,0.398683344590454,"2026-04-17 19:37:26 CEST"
232,"S6",6,"S6: Rare-outlier contamination","S6 Rare-outlier contamination","Mixture case with rare extreme survivors that is deliberately friendly to rank-based robustness.",TRUE,100,3,FALSE,10000,0.05,0,20260647,"$\\delta = 0.35$",0.8,0.8,0.28,0.280122354335435,0.280386140252933,"2026-04-17 19:42:01 CEST"
233,"S6",6,"S6: Rare-outlier contamination","S6 Rare-outlier contamination","Mixture case with rare extreme survivors that is deliberately friendly to rank-based robustness.",TRUE,150,3,FALSE,10000,0.05,0,20260648,"$\\delta = 0.35$",0.8,0.8,0.28,0.281285657055578,0.23078008524961,"2026-04-17 19:59:03 CEST"
234,"S6",6,"S6: Rare-outlier contamination","S6 Rare-outlier contamination","Mixture case with rare extreme survivors that is deliberately friendly to rank-based robustness.",TRUE,200,3,FALSE,10000,0.05,0,20260649,"$\\delta = 0.35$",0.8,0.8,0.28,0.282652723958388,0.199036726154141,"2026-04-17 19:46:25 CEST"
235,"S6",6,"S6: Rare-outlier contamination","S6 Rare-outlier contamination","Mixture case with rare extreme survivors that is deliberately friendly to rank-based robustness.",TRUE,250,3,FALSE,10000,0.05,0,20260650,"$\\delta = 0.35$",0.8,0.8,0.28,0.280149455133203,0.179455724090539,"2026-04-17 20:04:25 CEST"
236,"S6",6,"S6: Rare-outlier contamination","S6 Rare-outlier contamination","Mixture case with rare extreme survivors that is deliberately friendly to rank-based robustness.",TRUE,300,3,FALSE,10000,0.05,0,20260651,"$\\delta = 0.35$",0.8,0.8,0.28,0.276692261910294,0.161685004933236,"2026-04-17 19:50:34 CEST"
237,"S6",6,"S6: Rare-outlier contamination","S6 Rare-outlier contamination","Mixture case with rare extreme survivors that is deliberately friendly to rank-based robustness.",TRUE,350,3,FALSE,10000,0.05,0,20260652,"$\\delta = 0.35$",0.8,0.8,0.28,0.279111330263603,0.15052799411323,"2026-04-17 20:08:36 CEST"
238,"S6",6,"S6: Rare-outlier contamination","S6 Rare-outlier contamination","Mixture case with rare extreme survivors that is deliberately friendly to rank-based robustness.",TRUE,400,3,FALSE,10000,0.05,0,20260653,"$\\delta = 0.35$",0.8,0.8,0.28,0.280314173562875,0.139995860292644,"2026-04-17 20:12:24 CEST"
239,"S6",6,"S6: Rare-outlier contamination","S6 Rare-outlier contamination","Mixture case with rare extreme survivors that is deliberately friendly to rank-based robustness.",TRUE,450,3,FALSE,10000,0.05,0,20260654,"$\\delta = 0.35$",0.8,0.8,0.28,0.279710553474181,0.132664446787016,"2026-04-17 19:58:46 CEST"
240,"S6",6,"S6: Rare-outlier contamination","S6 Rare-outlier contamination","Mixture case with rare extreme survivors that is deliberately friendly to rank-based robustness.",TRUE,500,3,FALSE,10000,0.05,0,20260655,"$\\delta = 0.35$",0.8,0.8,0.28,0.279527692308717,0.125341492419789,"2026-04-17 20:00:12 CEST"
